,City,City ID,Latitude,Longitude,Temperature,Weather Description,Humidity,Cloudiness,Wind Speed,Country
0,Bluff,2008959,-46.6,168.3333,45.806000000000026,broken clouds,51,54,3.6014734000000006,NZ
1,Los Llanos De Aridane,2002582,28.6585,-17.9182,67.11800000000008,clear sky,78,0,3.4448876000000004,ES
2,Busselton,2020551,-33.65,115.3333,66.03800000000004,clear sky,67,0,8.008245200000001,AU
3,Barrow,7649,71.2906,-156.7887,39.21800000000009,overcast clouds,87,90,18.4100162,US
4,Ushuaia,8303,-54.8,-68.3,40.658,scattered clouds,75,40,6.9121446,AR
5,Salalah,7562,17.0151,54.0924,82.49000000000002,broken clouds,78,75,4.608096400000001,OM
6,Thompson,935,55.7435,-97.8558,51.96200000000006,mist,100,90,5.7489358,CA
7,Victoria,2035800,22.2855,114.1577,88.26800000000009,overcast clouds,79,96,3.802798,HK
8,Hasaki,7955,35.7333,140.8333,79.19600000000005,light rain,63,100,5.391025400000001,JP
9,Cape Town,2033665,-33.9258,18.4232,53.16800000000009,clear sky,80,5,4.0041226000000005,ZA
10,Punta Arenas,8487,-53.15,-70.9167,44.708000000000006,broken clouds,70,75,23.0181126,CL
11,New Norfolk,2031307,-42.7826,147.0587,54.91400000000003,few clouds,53,17,1.9908766000000002,AU
12,Vila Franca Do Campo,6899,37.7167,-25.4333,70.21400000000003,scattered clouds,88,27,4.115969600000001,PT
13,Jacmel,7213,18.2342,-72.5347,73.23800000000006,clear sky,79,6,1.6329662,HT
14,Hilo,7881,19.7297,-155.09,78.40400000000005,few clouds,72,20,9.216192800000002,US
15,Brookhaven,2003081,31.5791,-90.4407,74.80400000000006,overcast clouds,91,100,4.854159800000001,US
16,Gushikawa,8138,26.3544,127.8686,87.38600000000008,scattered clouds,79,40,19.573225,JP
17,Newport,2013467,51.5877,-2.9984,58.31600000000001,overcast clouds,91,100,10.178077,GB
18,Hobart,2002195,-42.8794,147.3294,55.07600000000009,scattered clouds,57,40,1.9908766000000002,AU
19,Bethel,2004826,41.3712,-73.414,65.84000000000003,light rain,87,40,3.4448876000000004,US
20,Saint-Philippe,2127,-21.3585,55.7679,65.04800000000003,scattered clouds,76,40,12.168953600000002,RE
21,Mataura,2008959,-46.1927,168.8643,45.48200000000001,overcast clouds,63,93,1.6553356000000001,NZ
22,Avera,2827,33.194,-82.5271,70.66400000000004,few clouds,61,17,5.8384134,US
23,Vaini,7285,-21.2,-175.2,77.16200000000006,scattered clouds,88,40,8.052984,TO
24,Jamestown,2008828,42.097,-79.2353,64.184,overcast clouds,98,90,2.9974996000000003,US
25,Walvis Bay,2012545,-22.9575,14.5053,54.08600000000007,clear sky,90,0,11.520241000000002,NA
26,Carnarvon,9505,-24.8667,113.6333,69.87200000000004,clear sky,56,0,16.105968,AU
27,Tateyama,8074,34.9833,139.8667,75.21800000000009,overcast clouds,83,100,7.381902,JP
28,Brae,1438,60.3964,-1.353,53.51000000000008,broken clouds,87,59,10.1109688,GB
29,Harnosand,1767,62.6323,17.9379,43.37600000000009,overcast clouds,73,100,18.253430400000003,SE
30,Albany,19530,42.6001,-73.9662,59.648000000000025,broken clouds,82,63,3.131716,US
31,Cabo San Lucas,2004005,22.8909,-109.9124,82.4,few clouds,83,12,1.9908766000000002,MX
32,Bambous Virieux,2002134,-20.3428,57.7575,70.21400000000003,broken clouds,72,56,16.016490400000002,MU
33,Bredasdorp,2006131,-34.5322,20.0403,52.28600000000007,overcast clouds,83,100,2.7514362,ZA
34,Anchorage,2008005,61.2181,-149.9003,49.064000000000036,light rain,75,90,1.9908766000000002,US
35,Plouzane,6554,48.3833,-4.6167,62.79800000000003,overcast clouds,94,90,6.9121446,FR
36,Avarua,7271,-21.2078,-159.775,78.85400000000006,scattered clouds,69,40,9.216192800000002,CK
37,Gualdo Tadino,2018961,43.2317,12.781,58.58600000000007,few clouds,69,18,2.9751302,IT
38,Flinders,2010723,-34.5833,150.8552,57.50600000000003,broken clouds,79,80,14.361154800000001,AU
39,Belmonte,8422,-15.8631,-38.8828,73.90400000000005,clear sky,87,8,6.487126,BR
40,Mar Del Plata,8305,-38.0023,-57.5575,50.018000000000086,clear sky,81,0,8.052984,AR
41,Manaus,8412,-3.1019,-60.025,82.88600000000008,clear sky,78,0,4.608096400000001,BR
42,Touros,8452,-5.1989,-35.4608,76.1,clear sky,82,5,11.632088000000001,BR
43,Tuatapere,2008959,-46.1333,167.6833,45.82400000000001,broken clouds,58,83,3.4448876000000004,NZ
44,Nikolskoye,8926,59.7035,30.7861,48.092,few clouds,62,11,13.622964600000001,RU
45,West Wendover,3994,40.7391,-114.0733,74.40800000000002,clear sky,27,1,0.0,US
46,Nishihara,8137,26.1842,127.7558,87.08000000000004,broken clouds,79,75,14.965128600000002,JP
47,Geraldton,9522,-28.7667,114.6,70.21400000000003,clear sky,40,0,3.4448876000000004,AU
48,Klaksvik,1596,62.2266,-6.589,54.518000000000086,overcast clouds,85,100,16.9112664,FO
49,Winnemucca,6249,40.973,-117.7357,64.45400000000006,clear sky,25,1,3.4448876000000004,US
50,Rafaela,2007137,-31.2503,-61.4867,60.602000000000075,clear sky,54,0,14.0032444,AR
51,Muriwai Beach,2003603,-36.8167,174.45,59.774000000000015,overcast clouds,82,100,5.2344396,NZ
52,Las Vegas,6171,36.175,-115.1372,95.63000000000005,clear sky,12,1,10.3570322,US
53,Gotsu,8039,35.0,132.2167,71.74400000000009,light rain,88,100,12.057106600000001,JP
54,Royan,2041380,45.6285,-1.0281,66.41600000000001,overcast clouds,76,100,7.717443000000001,FR
55,Pescantina,6776,45.4837,10.8685,64.23800000000006,clear sky,72,0,2.3040482000000004,IT
56,Stonewall,2022424,50.1344,-97.3268,58.55,broken clouds,69,69,11.699196200000001,CA
57,Sept-Iles,2006302,50.2001,-66.3821,55.05800000000001,clear sky,70,7,1.9908766000000002,CA
58,Puerto Ayora,2005652,-0.7393,-90.3518,67.55000000000001,scattered clouds,95,45,4.0041226000000005,EC
59,Ponta Do Sol,2008291,32.6667,-17.1,70.08800000000005,scattered clouds,78,28,12.101845400000002,PT
60,Torbay,2003900,47.6666,-52.7314,56.31800000000008,scattered clouds,89,40,5.010745600000001,CA
61,Souillac,2002134,-20.5167,57.5167,70.358,few clouds,76,23,14.7414346,MU
62,Hermanus,2006131,-34.4187,19.2345,52.80800000000001,overcast clouds,78,98,6.3976484000000005,ZA
63,Santa Ana,2011658,33.7456,-117.8678,70.46600000000001,clear sky,68,1,1.9908766000000002,US
64,Provideniya,8875,64.3833,-173.3,46.508,overcast clouds,71,90,15.65858,RU
65,Kapaa,2001562,22.0752,-159.319,80.07800000000006,light rain,69,40,5.9949992000000005,US
66,Ulladulla,9594,-35.35,150.4667,58.11800000000009,overcast clouds,69,98,16.553356,AU
67,Baker City,3453,44.7749,-117.8344,60.8,clear sky,42,1,11.4978716,US
68,Saint Anthony,2011026,45.0205,-93.218,63.95,overcast clouds,93,90,1.006623,US
69,Oistins,8772,13.0667,-59.5333,78.89000000000001,few clouds,89,20,4.608096400000001,BB
70,Dunedin,75281,-45.8742,170.5036,43.80800000000001,overcast clouds,76,96,4.0041226000000005,NZ
71,Mahebourg,2002134,-20.4081,57.7,70.25,scattered clouds,73,39,16.083598600000002,MU
72,Cozumel,2003141,20.5083,-86.9458,80.9600000000001,few clouds,85,20,3.4448876000000004,MX
73,San Patricio,3705,28.017,-97.5169,76.08200000000002,overcast clouds,81,100,13.7124422,US
74,Gornyy,2038491,55.1153,83.9059,46.79600000000005,overcast clouds,57,100,14.316416000000002,RU
75,Dubrovka,9019,53.6907,33.5071,53.58200000000002,scattered clouds,96,44,9.1490846,RU
76,Bucerias,7156,20.75,-105.3333,76.98200000000003,overcast clouds,100,90,0.0,MX
77,Savonlinna,1357,61.8699,28.88,44.51000000000008,overcast clouds,76,90,20.7140644,FI
78,Hamilton,2005257,39.1834,-84.5333,72.93200000000002,clear sky,82,1,0.0,US
79,Cayenne,2038747,4.9333,-52.3333,81.08600000000007,light rain,84,0,1.1408394000000002,GF
80,Yulara,9487,-25.2406,130.9889,76.83800000000005,few clouds,18,21,8.052984,AU
81,Georgetown,2037578,5.4112,100.3354,85.892,few clouds,69,20,0.0,MY
82,Quatre Cocos,2002134,-20.2078,57.7625,70.08800000000005,broken clouds,73,77,16.441509,MU
83,Port-Cartier,2006302,50.0334,-66.8654,54.75200000000008,clear sky,69,5,17.5823484,CA
84,Imbituba,8360,-28.24,-48.6703,69.69200000000001,overcast clouds,98,100,1.3421640000000001,BR
85,Halifax,2019613,44.6453,-63.5724,54.48200000000001,clear sky,82,0,7.605596,CA
86,Nefteyugansk,8987,61.0998,72.6035,39.452000000000076,overcast clouds,92,100,17.112591000000002,RU
87,Praia Da Vitoria,2004377,38.7333,-27.0667,70.75400000000005,scattered clouds,87,25,7.8516594,PT
88,Charlestown,2009631,-32.95,151.6667,57.68600000000007,light rain,81,21,8.008245200000001,AU
89,Langenburg,1316,49.2544,9.8458,56.08399999999999,broken clouds,91,75,2.3040482000000004,DE
90,Necochea,2010353,-38.5473,-58.7368,48.038000000000046,overcast clouds,79,95,6.2858014,AR
91,Longyearbyen,1663,78.2186,15.6401,30.038000000000046,broken clouds,86,75,4.608096400000001,SJ
92,Ilulissat,165,69.2167,-51.1,28.418000000000085,scattered clouds,74,40,3.4448876000000004,GL
93,San Carlos De Bariloche,8315,-41.1456,-71.3082,37.148000000000025,few clouds,52,20,18.4100162,AR
94,College,7683,64.8569,-147.8028,55.31000000000009,broken clouds,59,75,0.0,US
95,Corner Brook,2005768,48.9667,-57.9484,57.21800000000009,overcast clouds,91,99,6.7331894,CA
96,Soledad,8584,10.9184,-74.7646,77.12600000000009,scattered clouds,94,40,2.3040482000000004,CO
97,Romitan,9009,39.9343,64.3814,60.74600000000005,clear sky,51,0,6.9121446,UZ
98,Seoul,5509,37.5683,126.9778,80.13200000000002,few clouds,43,23,5.9502604,KR
99,Fortuna,2008778,40.5982,-124.1573,55.346000000000046,clear sky,62,1,1.006623,US
100,Visby,1796,57.6409,18.296,48.41600000000001,overcast clouds,93,100,4.608096400000001,SE
101,Harindanga,9114,22.0383,88.3214,80.58200000000002,moderate rain,91,100,16.6204642,IN
102,Homer,7709,59.6425,-151.5483,51.09800000000003,few clouds,81,20,6.9121446,US
103,Tasiilaq,81,65.6145,-37.6368,41.162000000000056,overcast clouds,91,85,5.6818276,GL
104,Port Elizabeth,2035063,-33.918,25.5701,56.102000000000075,light rain,92,100,3.8699062000000004,ZA
105,Lata,2013564,40.1629,-8.3327,65.39000000000001,scattered clouds,95,32,3.1093466,PT
106,Nysa,2004452,50.4738,17.3344,58.92800000000007,scattered clouds,88,34,1.677705,PL
107,Bad Liebenwerda,2021468,51.5167,13.4,53.150000000000006,scattered clouds,91,31,4.7646822,DE
108,Hauknes,19240,66.2833,14.0667,38.78600000000007,overcast clouds,94,100,4.0712308,NO
109,Borgarnes,2038407,64.5383,-21.9206,44.51000000000008,overcast clouds,87,96,21.6759486,IS
110,Broome,2036074,42.2506,-75.833,61.7,few clouds,75,20,1.006623,US
111,Tytuvenai,1882,55.6,23.2,42.71000000000008,overcast clouds,88,100,4.4291412,LT
112,Alice Springs,9483,-23.7,133.8833,80.15,few clouds,13,15,10.3570322,AU
113,Goderich,2008021,43.7501,-81.7165,57.542,light rain,80,43,5.391025400000001,CA
114,Ancud,8512,-41.8697,-73.8203,40.53200000000002,broken clouds,81,80,7.7845512,CL
115,Muros,72671,42.7762,-9.0603,64.07600000000009,broken clouds,92,76,5.010745600000001,ES
116,Nelson Bay,2011763,-32.7167,152.15,56.91200000000006,light rain,94,35,20.0877212,AU
117,Waqqas,6862,32.5427,35.6053,71.6,clear sky,61,0,3.0422384000000005,JO
118,Pangnirtung,968,66.1451,-65.7125,32.0,clear sky,74,1,5.7489358,CA
119,Berlevag,1633,70.8578,29.0864,39.2,overcast clouds,77,100,12.817666200000001,NO
120,Rio Grande,2020865,-32.035,-52.0986,60.944000000000074,overcast clouds,98,100,1.0513618,BR
121,Lalsot,9170,26.5667,76.3333,81.26600000000002,clear sky,73,8,9.0819764,IN
122,Santa Fe,2008823,-31.6333,-60.7,63.608000000000004,scattered clouds,70,40,7.0016222,AR
123,Maldonado,8712,-34.6667,-54.9167,54.788000000000046,overcast clouds,98,100,6.845036400000001,UY
124,Mackay,2002906,-21.15,149.2,87.04400000000007,few clouds,53,17,11.8781514,AU
125,Elizabeth City,2002902,36.2946,-76.2511,73.72400000000002,clear sky,91,1,5.7489358,US
126,Camacari,8454,-12.6975,-38.3242,76.76600000000002,clear sky,90,3,3.9817532000000004,BR
127,Lukovetskiy,8922,64.2956,41.9211,46.38200000000002,overcast clouds,90,100,16.2849232,RU
128,Colares,2021330,38.7992,-9.4469,69.62000000000006,overcast clouds,80,98,10.4688792,PT
129,Guaratinga,8422,-16.5667,-39.5667,72.26600000000002,clear sky,97,1,3.1988242000000002,BR
130,San Javier,2030657,37.8063,-0.8374,74.24600000000005,overcast clouds,85,100,2.9974996000000003,ES
131,Mount Isa,9495,-20.7333,139.5,83.96600000000001,overcast clouds,11,100,10.3570322,AU
132,Twin Falls,6085,42.3505,-114.6445,64.74199999999999,clear sky,39,1,9.216192800000002,US
133,Grand Gaube,2002134,-20.0064,57.6608,70.37600000000009,broken clouds,74,62,8.008245200000001,MU
134,Arica,8476,-18.475,-70.3042,59.233999999999995,overcast clouds,82,90,2.3040482000000004,CL
135,Puerto Del Rosario,2371,28.5004,-13.8627,73.14800000000002,scattered clouds,83,41,2.3040482000000004,ES
136,Port Macquarie,9610,-31.4333,152.9167,55.36400000000003,overcast clouds,81,100,13.5558564,AU
137,Honningsvag,1633,70.9821,25.9704,38.73200000000001,overcast clouds,74,100,13.4440094,NO
138,Kruisfontein,2035063,-34.0033,24.7314,53.88800000000005,light rain,98,100,6.3976484000000005,ZA
139,Whitehorse,2002561,60.7161,-135.0538,43.016000000000005,light rain,87,82,5.5028724,CA
140,Henties Bay,2012545,-22.116,14.2845,53.852000000000075,few clouds,92,12,8.008245200000001,NA
141,Nome,7770,64.5011,-165.4064,48.272000000000034,light rain,87,90,4.608096400000001,US
142,Grindavik,90,63.8424,-22.4338,46.86800000000009,broken clouds,81,75,23.0181126,IS
143,Campo Grande,8347,-20.4428,-54.6464,80.15,clear sky,47,0,11.4978716,BR
144,Nanakuli,7868,21.3906,-158.1547,83.71400000000003,clear sky,52,1,10.3570322,US
145,Tacna,8476,-18.0056,-70.2483,52.7,broken clouds,83,57,2.2145706,PE
146,Karpathos,6620,35.507,27.2132,71.56400000000004,clear sky,73,0,17.2691768,GR
147,Saint George,2007591,37.1041,-113.5841,89.13200000000002,clear sky,15,1,2.9974996000000003,US
148,Kahului,18862,20.8947,-156.47,81.96800000000009,few clouds,68,17,11.6768268,US
149,Amalapuram,9225,16.5833,82.0167,84.57800000000006,moderate rain,86,100,8.299047400000001,IN
150,Qiryat Yam,6853,32.8508,35.0703,75.14600000000004,clear sky,57,0,2.3040482000000004,IL
151,Griffith,2005254,41.5284,-87.4237,73.70600000000003,clear sky,68,1,1.006623,US
152,Batemans Bay,2010627,-35.7167,150.1833,56.24600000000005,overcast clouds,54,87,12.5716028,AU
153,Esenyurt,6970,41.0333,28.6753,65.04800000000003,clear sky,88,0,3.4448876000000004,TR
154,Hervey Bay,2010900,-25.2986,152.8535,80.042,clear sky,35,0,12.840035600000002,AU
155,Ucluelet,2032726,48.9329,-125.5528,62.042,broken clouds,87,66,3.690951,CA
156,Narsaq,47,60.9167,-46.05,34.016000000000005,clear sky,60,0,3.6462122,GL
157,Marawi,2007154,7.9986,124.2928,75.65,scattered clouds,67,42,3.243563,PH
158,Tromso,1681,69.6496,18.957,41.018000000000086,broken clouds,93,75,5.7489358,NO
159,Komsomolskiy,9014,40.4272,71.7189,68.684,clear sky,32,0,6.9121446,UZ
160,Freeport,2002861,40.6576,-73.5832,70.97000000000006,moderate rain,79,75,3.4448876000000004,US
161,Portree,2030483,57.4129,-6.1942,56.858000000000004,overcast clouds,92,100,3.0869771999999998,GB
162,Maarianhamina,1347,60.0973,19.9348,44.45600000000003,clear sky,81,0,3.4448876000000004,AX
163,Timra,1767,62.487,17.3257,43.412000000000056,overcast clouds,78,100,8.052984,SE
164,Alofi,7306,-19.0595,-169.9187,82.292,light intensity drizzle,74,75,9.216192800000002,NU
165,Ankazobe,2136,-18.3167,47.1167,52.214000000000034,scattered clouds,89,42,6.3081708,MG
166,Half Moon Bay,2037640,37.4636,-122.4286,61.71800000000009,few clouds,85,20,13.8019198,US
167,Adrian,2021159,41.8975,-84.0372,67.13600000000008,clear sky,96,1,1.006623,US
168,Tomigusuku,8137,26.185,127.675,87.566,broken clouds,79,75,14.965128600000002,JP
169,Krupina,2034408,48.3554,19.0647,55.83200000000002,scattered clouds,88,50,3.4225182000000003,SK
170,Moindou,7344,-21.6924,165.677,84.14600000000004,broken clouds,62,78,4.0936002,NC
171,Porto Tolle,2009678,44.9497,12.3245,63.77000000000007,scattered clouds,65,36,5.2791784,IT
172,Kloulklubed,7901,7.0419,134.2556,82.90400000000005,overcast clouds,74,96,14.450632400000002,PW
173,Ukiah,6129,39.1502,-123.2078,76.06400000000004,clear sky,21,1,0.0,US
174,Sotnikovo,8896,51.8845,107.4791,55.49000000000002,scattered clouds,82,40,4.47388,RU
175,Kupang,9364,-10.1667,123.5833,91.97600000000008,few clouds,49,20,17.2691768,ID
176,Pahrump,2018552,36.2083,-115.9839,86.77400000000002,clear sky,13,0,3.9593838000000003,US
177,Naron,2002597,43.5167,-8.1528,65.858,overcast clouds,92,85,3.5343652000000003,ES
178,Champerico,2035511,14.3,-91.9167,77.82800000000006,broken clouds,82,54,5.4133948,GT
179,Elayirampannai,9252,9.2667,77.8333,85.22600000000008,overcast clouds,58,95,13.5111176,IN
180,Vadso,1682,70.0744,29.7487,39.36200000000006,broken clouds,87,75,14.965128600000002,NO
181,Pitimbu,8391,-7.4706,-34.8086,73.99400000000009,few clouds,86,16,7.963506400000001,BR
182,Tautira,7318,-17.7333,-149.15,82.41800000000009,scattered clouds,76,44,15.882274,PF
183,Mekhe,2410,15.1097,-16.6218,81.15800000000002,overcast clouds,83,100,11.8781514,SN
184,Barcelona,2003688,41.3888,2.159,75.092,few clouds,89,20,6.9121446,ES
185,Atkarsk,50006153,51.8718,45.0078,62.564000000000036,overcast clouds,56,95,9.372778600000002,RU
186,Petropavlovsk-Kamchatskiy,8887,53.0452,158.6483,52.39400000000008,light rain,71,75,8.94776,RU
187,Szubin,1688,53.0097,17.74,49.91000000000008,broken clouds,100,75,3.4448876000000004,PL
188,Teguise,2379,29.0605,-13.564,70.01600000000002,clear sky,83,0,5.7489358,ES
189,Lompoc,4747,34.6391,-120.4579,61.08800000000005,mist,90,90,5.7489358,US
190,Donskoye,50002363,45.4552,41.9741,60.026000000000096,scattered clouds,76,28,2.9080220000000003,RU
191,Johor Bahru,9479,1.4655,103.7578,86.39600000000004,broken clouds,66,75,2.3040482000000004,MY
192,Cali,8590,3.4372,-76.5225,71.6,scattered clouds,78,40,8.052984,CO
193,Kuusamo,1352,65.9667,29.1833,37.43600000000007,overcast clouds,93,90,10.3570322,FI
194,Asau,2033571,46.4333,26.4,51.15200000000008,few clouds,98,13,3.131716,RO
195,Faya,7396,18.3851,42.4509,61.32200000000004,overcast clouds,51,85,3.7356898000000003,SA
196,Astoria,2039875,46.1879,-123.8313,57.61400000000003,clear sky,79,1,13.8019198,US
197,Westerland,1312,54.9079,8.3033,59.846000000000046,overcast clouds,77,90,8.052984,DE
198,Kedrovyy,8957,56.1667,91.8167,48.61400000000003,scattered clouds,54,36,11.9005208,RU
199,Bonavista,2011050,48.6499,-53.1147,58.11800000000009,scattered clouds,84,34,13.645334,CA
200,Rabo De Peixe,6899,37.8,-25.5833,69.31400000000004,scattered clouds,88,40,6.9121446,PT
201,Fairbanks,2017395,64.8378,-147.7164,55.11200000000006,clear sky,60,1,3.4448876000000004,US
202,Ozark,2004550,37.0209,-93.206,76.51400000000004,clear sky,77,1,9.5293644,US
203,Rabat,2402,33.9911,-6.8401,69.96200000000006,broken clouds,92,75,10.3570322,MA
204,Puerto Colombia,8584,10.9878,-74.9547,77.09000000000003,overcast clouds,81,97,5.3239172,CO
205,Mastic Beach,2039923,40.7668,-72.8521,71.36600000000001,moderate rain,79,20,2.9974996000000003,US
206,Fevik,1617,58.3794,8.6766,44.36600000000001,overcast clouds,87,88,5.525241800000001,NO
207,Nhulunbuy,9576,-12.2333,136.7667,90.21200000000006,scattered clouds,48,40,12.661080400000001,AU
208,Los Gatos,2009894,37.2266,-121.9747,65.2100000000001,clear sky,63,1,1.9908766000000002,US
209,Campbell River,2036760,50.0163,-125.2446,58.51400000000004,overcast clouds,69,100,2.0803542000000004,CA
210,Vardo,1682,70.3705,31.1107,39.398000000000025,overcast clouds,74,100,16.7323112,NO
211,Rio Gallegos,8293,-51.6226,-69.2181,44.65400000000005,broken clouds,57,75,12.661080400000001,AR
212,Bronnoysund,1611,65.4625,12.1997,44.6,overcast clouds,87,90,5.7489358,NO
213,Roma,2007612,43.2128,-75.4557,58.424000000000014,clear sky,90,1,3.4448876000000004,US
214,Vila Velha,8474,-20.3297,-40.2925,75.14600000000004,clear sky,83,0,16.105968,BR
215,Itoman,8137,26.1247,127.6694,87.8180000000001,broken clouds,79,75,14.965128600000002,JP
216,Sivas,6962,39.7916,37.0019,48.83000000000004,clear sky,81,0,3.4448876000000004,TR
217,Guaymas,2010308,27.9333,-110.9,84.61400000000003,clear sky,59,0,4.2725554,MX
218,Kuruman,2040056,-27.4524,23.4325,56.983999999999995,clear sky,21,0,8.4556332,ZA
219,Mehamn,1633,71.0357,27.8492,39.14600000000005,broken clouds,87,75,9.216192800000002,NO
220,Laguna,5769,38.421,-121.4238,83.71400000000003,haze,30,1,5.7489358,US
221,Natal,8452,-5.795,-35.2094,75.84800000000003,broken clouds,94,75,4.608096400000001,BR
222,Pisco,8691,-13.7,-76.2167,57.254000000000055,clear sky,88,4,1.1408394000000002,PE
223,Takaka,2002166,-40.85,172.8,55.562000000000054,broken clouds,76,59,7.1358386000000005,NZ
224,Tekari,9115,24.9333,84.8333,80.816,overcast clouds,88,100,18.454755000000002,IN
225,Sidney,2018875,-33.8679,151.2073,58.208000000000006,light rain,76,48,2.9974996000000003,AU
226,Rancho Palos Verdes,2007422,33.7445,-118.387,66.29000000000002,few clouds,75,20,1.9908766000000002,US
227,Wageningen,2004560,51.9667,5.6667,55.09400000000008,mist,94,86,4.608096400000001,NL
228,Guaruja,2033898,-23.9931,-46.2564,89.38399999999999,overcast clouds,74,99,1.6329662,BR
229,Mayo,2005357,38.8876,-76.5119,73.41800000000009,clear sky,91,1,0.0,US
230,Vila Do Maio,2462,15.1333,-23.2167,77.792,broken clouds,82,67,5.8384134,CV
231,Uniontown,2005088,39.9001,-79.7164,68.82800000000006,clear sky,51,8,5.525241800000001,US
232,Qaqortoq,47,60.7167,-46.0333,34.30400000000005,clear sky,69,0,1.9461378,GL
233,Kiruna,1771,67.8557,20.2251,34.71800000000009,light rain,93,90,8.052984,SE
234,Arrecife,2379,28.963,-13.5477,73.38200000000002,clear sky,83,0,5.7489358,ES
235,Henderson,38662,36.0397,-114.9819,96.31400000000004,clear sky,15,1,9.216192800000002,US
236,Fukuma,7998,33.7667,130.4667,75.2,moderate rain,95,100,8.2095698,JP
237,Launceston,2031746,-41.45,147.1667,58.26200000000006,few clouds,48,20,4.0041226000000005,AU
238,Uglyanets,9034,51.8191,39.5961,59.09000000000002,scattered clouds,67,37,4.9436374,RU
239,Sosnovoborsk,8957,56.1325,93.3589,51.35,few clouds,48,20,12.9966214,RU
240,Enfield,2009718,-34.8526,138.6026,59.88200000000002,overcast clouds,53,100,5.010745600000001,AU
241,Margate,1419,51.3813,1.3862,61.86200000000006,overcast clouds,90,99,11.3860246,GB
242,Banjar,9333,-8.19,114.9675,84.05600000000004,scattered clouds,63,32,3.690951,ID
243,La Palma,2010205,33.8464,-118.0467,70.52000000000007,clear sky,70,1,1.006623,US
244,Houston,2006306,29.7633,-95.3633,72.03200000000001,mist,81,90,15.994121000000002,US
245,Clemson,3596,34.6834,-82.8374,70.592,clear sky,91,1,0.0,US
246,Bud,2006000,39.447,-86.1758,72.19400000000007,overcast clouds,82,88,6.039738000000001,US
247,Playa Del Carmen,2003141,20.6274,-87.0799,80.9600000000001,few clouds,85,20,3.4448876000000004,MX
248,Mountain Home,2040568,43.133,-115.6912,66.14600000000004,broken clouds,30,67,8.925390600000002,US
249,Dakar,2410,14.6937,-17.4441,81.48200000000003,overcast clouds,85,98,14.8309122,SN
250,Bairiki,7300,1.3292,172.9752,87.80000000000001,few clouds,66,20,14.965128600000002,KI
251,Kihei,7879,20.785,-156.4656,82.22000000000006,scattered clouds,64,40,20.7140644,US
252,Hambantota,9124,6.1241,81.1185,82.74199999999999,few clouds,89,20,11.4978716,LK
253,Gharo,7576,24.7424,67.5856,84.41600000000001,overcast clouds,61,100,10.5807262,PK
254,Capreol,2004030,46.706,-80.9225,51.29600000000005,broken clouds,84,75,8.052984,CA
255,Victor Harbor,2020876,-35.5667,138.6167,57.74000000000002,overcast clouds,59,100,6.1963238,AU
256,New Waterford,2010053,40.8451,-80.6145,69.62000000000006,few clouds,88,12,2.9974996000000003,US
257,Mildura,9550,-34.2,142.15,60.76400000000004,scattered clouds,36,40,8.052984,AU
258,Santiago Del Estero,2036434,-27.7951,-64.2615,64.79600000000005,few clouds,33,14,18.342908,AR
259,Warrnambool,2007682,-38.3833,142.4833,56.80400000000006,overcast clouds,62,100,7.449010200000001,AU
260,Caronport,1041,50.4501,-105.8179,46.58000000000004,clear sky,39,8,7.449010200000001,CA
261,Algiers,1060,36.7525,3.042,75.02000000000007,few clouds,57,20,6.9121446,DZ
262,Slave Lake,1008,55.2834,-114.769,53.58200000000002,clear sky,66,1,6.9121446,CA
263,Upington,1990,-28.4478,21.2561,57.57800000000007,clear sky,38,0,5.7489358,ZA
264,Kota Kinabalu,9371,5.9749,116.0724,85.98200000000003,few clouds,79,20,3.4448876000000004,MY
265,Winthrop,2019747,42.3751,-70.9828,62.25800000000001,clear sky,78,7,4.0712308,US
266,Trat,9245,12.5,102.5,75.39800000000002,overcast clouds,91,100,6.3081708,TH
267,Wembley,9586,-31.9333,115.8,69.29600000000005,clear sky,40,0,6.9121446,AU
268,Santa Marta,37763,11.2408,-74.199,82.97600000000008,overcast clouds,80,94,1.9908766000000002,CO
269,Paraiso,2007848,9.8383,-83.8656,63.464000000000034,overcast clouds,99,100,1.0289924000000001,CR
270,Mantua,2011529,45.1667,10.7833,63.68000000000004,overcast clouds,79,87,1.006623,IT
271,Camacha,6902,33.0833,-16.3333,69.20600000000003,scattered clouds,73,40,13.8019198,PT
272,Gien,2009159,47.6933,2.6309,64.25600000000003,overcast clouds,92,100,6.129215600000001,FR
273,Kununurra,9587,-15.7667,128.7333,96.78200000000002,broken clouds,30,65,5.7489358,AU
274,Roald,1602,62.5833,6.1333,49.01000000000008,overcast clouds,93,90,5.7489358,NO
275,Saint-Joseph,2127,-21.3667,55.6167,64.04000000000002,scattered clouds,73,37,11.3636552,RE
276,Sorland,1642,67.667,12.6934,37.47200000000004,scattered clouds,66,43,9.3504092,NO
277,Floro,1616,61.5996,5.0328,48.16400000000003,overcast clouds,100,100,5.7489358,NO
278,Bongaree,2032743,-27.0797,153.1586,71.51000000000008,clear sky,28,0,18.007367000000002,AU
279,Moron,2008838,-34.6534,-58.6198,56.33600000000007,overcast clouds,61,99,5.9949992000000005,AR
280,Conway,2005642,35.0887,-92.4421,76.02800000000008,overcast clouds,84,90,4.0041226000000005,US
281,Crestview,2041204,30.7621,-86.5705,77.27000000000007,scattered clouds,81,40,1.9908766000000002,US
282,Edgewater,2011662,28.9889,-80.9023,78.06200000000007,broken clouds,86,52,5.816044000000001,US
283,Springville,2005789,40.1652,-111.6107,72.37400000000002,clear sky,38,1,11.4978716,US
284,Matane,2009684,48.8286,-67.522,56.73200000000001,broken clouds,24,71,13.980875000000001,CA
285,Chik Ballapur,9208,13.4342,77.7242,73.22000000000006,overcast clouds,79,100,16.3072926,IN
286,Votkinsk,2003018,57.0486,53.9872,57.776000000000096,overcast clouds,92,91,12.057106600000001,RU
287,Umea,1770,63.8284,20.2597,39.128000000000064,clear sky,81,0,12.661080400000001,SE
288,Myatlevo,9017,54.8969,35.6762,55.346000000000046,overcast clouds,95,94,6.420017800000001,RU
289,Ulaanbaatar,9644,47.9077,106.8832,59.12600000000009,light rain,38,75,2.23694,MN
290,Requena,2008731,39.4883,-1.1004,65.73200000000003,overcast clouds,68,100,2.5277422,ES
291,Arco,2010123,45.9177,10.8867,65.3180000000001,broken clouds,71,79,4.3844024,IT
292,Rapla,2019936,59.0072,24.7928,45.320000000000064,overcast clouds,88,100,11.989998400000001,EE
293,Rugby,2002461,52.3709,-1.2642,55.72400000000002,overcast clouds,92,100,8.813543600000001,GB
294,Ostersund,1774,63.1792,14.6357,43.25,overcast clouds,81,90,14.965128600000002,SE
295,Liepaja,1875,56.5419,21.0367,39.182000000000016,broken clouds,93,75,2.3040482000000004,LV
296,Adelaide,2001763,-34.9333,138.6,58.946000000000055,overcast clouds,54,100,4.0041226000000005,AU
297,Pryshyb,8902,47.2603,35.3228,55.65200000000008,clear sky,79,10,0.9171454,UA
298,Uvalde,6147,29.3669,-99.767,76.71200000000006,clear sky,69,1,3.4448876000000004,US
299,Harqalah,1212,36.0303,10.509,68.30600000000004,clear sky,73,0,2.3040482000000004,TN
300,Bedford,2009012,52.1346,-0.4663,57.29000000000002,overcast clouds,89,100,8.925390600000002,GB
301,Catamarca,2004347,-28.4696,-65.7852,61.592,clear sky,56,2,19.8416578,AR
302,San Lawrenz,2005262,36.0553,14.204,74.858,clear sky,85,0,1.006623,MT
303,Nantucket,3218,41.2835,-70.0995,64.97600000000008,clear sky,90,1,5.7489358,US
304,Matagami,866,49.7502,-77.6328,44.708000000000006,overcast clouds,87,90,0.0,CA
305,Vila,2007751,42.0304,-8.1588,53.11400000000003,few clouds,94,13,4.2054472,PT
306,Mechetinskaya,50002365,46.7713,40.456,60.56600000000001,scattered clouds,72,35,4.026492,RU
307,Bay Saint Louis,2031195,30.3088,-89.33,79.50200000000008,overcast clouds,90,100,9.484625600000001,US
308,Sao Sebastiao Do Cai,2001569,-29.5867,-51.3756,67.64000000000001,moderate rain,99,100,4.4962494,BR
309,Van Buren,4141,35.4368,-94.3483,78.78200000000001,clear sky,73,1,4.608096400000001,US
310,Sturgis,4547,41.7992,-85.4192,71.25800000000001,clear sky,44,1,4.608096400000001,US
311,Katsuura,8074,35.1333,140.3,75.308,overcast clouds,74,100,5.1002232,JP
312,Rapid Valley,2001782,44.0625,-103.1463,65.10200000000009,scattered clouds,53,40,2.9974996000000003,US
313,Zachary,3512,30.6485,-91.1565,76.53200000000001,moderate rain,100,1,5.637088800000001,US
314,Moose Factory,860,51.2585,-80.6094,46.38200000000002,overcast clouds,71,90,5.7489358,CA
315,Brigantine,2009477,39.4101,-74.3646,74.84000000000003,clear sky,88,1,3.4448876000000004,US
316,Marrakesh,2409,31.6315,-8.0083,73.47200000000004,broken clouds,73,75,5.7489358,MA
317,Waipawa,2017525,-41.4122,175.5153,48.50600000000003,overcast clouds,74,98,11.1175918,NZ
318,Abu Dhabi,7533,24.4667,54.3667,91.41800000000009,clear sky,79,0,1.1408394000000002,AE
319,Ngunguru,2012217,-35.6167,174.5,62.16800000000009,overcast clouds,92,100,10.9386366,NZ
320,Vangazi,2010584,57.0936,24.5486,44.06000000000008,overcast clouds,96,100,8.4780026,LV
321,Qasigiannguit,165,68.8193,-51.1922,28.65200000000008,few clouds,96,12,4.9883762,GL
322,Pont-A-Mousson,6486,48.9079,6.0589,56.82200000000004,clear sky,88,0,9.216192800000002,FR
323,Nago,8138,26.5881,127.9761,88.34000000000003,overcast clouds,83,100,15.725688200000002,JP
324,Izberbash,8965,42.5696,47.8645,66.25400000000005,clear sky,76,5,8.5674802,RU
325,Glomfjord,1615,66.8167,13.9667,40.622000000000035,light rain,97,100,3.5567346000000004,NO
326,Dubbo,9596,-32.25,148.6167,64.5260000000001,scattered clouds,29,40,14.965128600000002,AU
327,Saint-Georges,8781,12.0564,-61.7485,80.2760000000001,clear sky,83,0,2.3040482000000004,GD
328,Thongwa,9322,16.7619,96.5278,82.56200000000007,overcast clouds,81,100,3.9817532000000004,MM
329,Damavand,7464,35.7178,52.065,71.43800000000005,clear sky,30,0,1.9461378,IR
330,Gat,2002441,31.61,34.7642,74.35400000000006,clear sky,100,0,6.2410626,IL
331,Cloppenburg,2004618,52.85,8.0333,49.80200000000008,scattered clouds,95,27,6.822667,DE
332,Hinton,330,53.4001,-117.5857,53.63600000000007,overcast clouds,56,100,3.4448876000000004,CA
333,Tiete,2011316,-23.1019,-47.7147,82.22000000000006,scattered clouds,23,45,5.6818276,BR
334,Pullman,2005295,46.7313,-117.1796,59.81000000000009,clear sky,49,1,2.9974996000000003,US
335,Antofagasta,8488,-23.65,-70.4,56.48000000000005,overcast clouds,75,100,4.2054472,CL
336,Teslic,6904,44.6064,17.8597,52.556000000000026,broken clouds,50,78,3.8475368000000003,BA
337,Nukus,9010,42.4531,59.6103,58.98200000000001,clear sky,18,0,6.9121446,UZ
338,Bekeshevskaya,8966,44.1139,42.4269,49.37000000000006,clear sky,86,0,3.35541,RU
339,Miramar,2004091,25.9873,-80.2323,79.55600000000004,clear sky,87,1,3.4448876000000004,US
340,Raymun,7520,32.2834,35.8253,72.42800000000007,clear sky,53,0,4.0936002,JO
341,Comodoro Rivadavia,8284,-45.8667,-67.5,49.85600000000003,clear sky,40,0,20.7140644,AR
342,Cap-Aux-Meules,274,47.3821,-61.8597,59.018000000000086,overcast clouds,88,91,12.661080400000001,CA
343,Batesville,3532,35.7698,-91.641,77.91800000000009,clear sky,74,1,6.9121446,US
344,Oktyabrskoye,8969,43.0645,44.7417,50.14400000000008,few clouds,100,16,6.71082,RU
345,La Rochelle,6458,46.1667,-1.15,66.14600000000004,clear sky,94,0,3.4448876000000004,FR
346,Selma,5145,36.5708,-119.6121,83.78600000000007,overcast clouds,32,90,0.0,US
347,Labuan,9372,5.2767,115.2417,88.16000000000008,few clouds,62,20,5.7489358,MY
348,High Rock,7260,26.6208,-78.2833,77.01800000000009,scattered clouds,71,31,11.430763400000002,BS
349,Dauphin,780,51.1494,-100.0502,55.544000000000075,light rain,67,1,8.052984,CA
350,Hisor,8996,38.525,68.5512,69.54800000000003,clear sky,21,0,2.7290668,TJ
351,Boden,1775,65.8252,21.6886,44.6,overcast clouds,81,100,12.8847744,SE
352,Sainte-Maxime,2006377,43.3,6.6333,66.00200000000008,overcast clouds,91,94,3.35541,FR
353,Panuco,7173,22.05,-98.1667,84.38000000000005,overcast clouds,88,98,6.688450600000001,MX
354,Skarzysko-Kamienna,2031506,51.1131,20.8716,53.042,broken clouds,87,70,3.802798,PL
355,Bodden Town,2040103,19.2833,-81.25,82.41800000000009,few clouds,84,20,3.4448876000000004,KY
356,Bratsk,8892,56.1325,101.6142,45.08600000000007,overcast clouds,63,100,1.5434885999999999,RU
357,Salmo,398,49.1999,-117.2689,56.37200000000004,broken clouds,58,68,3.0869771999999998,CA
358,Makakilo City,7868,21.3469,-158.0858,82.70600000000003,clear sky,54,1,10.3570322,US
359,Portmore,2036521,17.9702,-76.8672,76.96400000000003,broken clouds,89,78,2.572481,JM
360,George,1918,-33.963,22.4617,51.35,overcast clouds,100,90,8.052984,ZA
361,Gap,2006178,44.6667,6.0,46.832000000000015,broken clouds,81,76,4.3844024,FR
362,Ballina,2019476,-28.8667,153.5667,68.32400000000001,clear sky,30,2,10.782050800000002,AU
363,Eureka,2019045,40.8021,-124.1637,56.570000000000064,clear sky,76,1,1.006623,US
364,Otofuke,7969,42.9917,143.2003,65.35400000000006,clear sky,47,4,2.4382646000000006,JP
365,Platteville,5435,42.7342,-90.4785,71.9600000000001,clear sky,83,1,8.052984,US
366,Portland,2008548,45.5234,-122.6762,65.75,clear sky,59,1,1.006623,US
367,Grants,4241,35.1473,-107.8514,71.834,clear sky,20,1,8.052984,US
368,Severnyy,9030,50.677,36.5532,57.236000000000075,scattered clouds,82,40,6.71082,RU
369,Tsumeb,2266,-19.2333,17.7167,60.35,clear sky,24,0,8.5674802,NA
370,Bocas Del Toro,2012987,9.3333,-82.25,78.08000000000004,overcast clouds,79,99,4.2278166,PA
371,Alghero,6717,40.5589,8.3181,62.690000000000026,clear sky,100,0,1.1408394000000002,IT
372,Kenai,7680,60.5544,-151.2583,48.32600000000009,light rain,91,90,4.608096400000001,US
373,Merritt Island,6077,28.5392,-80.672,78.22400000000002,few clouds,89,20,0.0,US
374,Moree,9555,-29.4667,149.85,62.61800000000009,broken clouds,45,75,17.2691768,AU
375,Westport,2011298,41.1415,-73.3579,68.82800000000006,light rain,86,75,4.0041226000000005,US
376,Humboldt,2008778,40.6665,-123.9178,46.274000000000015,clear sky,89,1,1.2526864000000002,US
377,Trstena,2041059,49.361,19.6125,57.30800000000001,scattered clouds,95,50,0.9618842000000001,SK
378,San Antonio,2003611,29.4241,-98.4936,77.0,broken clouds,72,75,14.965128600000002,US
379,Pulandian,9679,39.3953,121.9669,77.12600000000009,light rain,43,2,9.0148682,CN
380,Copiapo,8481,-27.3667,-70.3333,47.89400000000008,clear sky,39,0,0.6263432000000001,CL
381,Semey,8833,50.4111,80.2275,48.41600000000001,clear sky,61,0,4.47388,KZ
382,Laguna Verde,7097,15.2,-88.1667,70.19600000000005,few clouds,97,13,1.901399,HN
383,Sioux Lookout,979,50.1001,-91.917,59.07200000000004,overcast clouds,77,90,5.7489358,CA
384,Cap Malheureux,2002134,-19.9842,57.6142,70.46600000000001,broken clouds,74,58,8.008245200000001,MU
385,Valparaiso,8520,-33.0393,-71.6273,53.24000000000002,clear sky,62,0,6.9121446,CL
386,Nuuk,86,64.1835,-51.7216,36.21200000000006,clear sky,55,0,16.105968,GL
387,Denpasar,9333,-8.65,115.2167,83.858,scattered clouds,84,40,12.661080400000001,ID
388,Saint-Francois,6499,46.4154,3.9054,62.042,clear sky,94,0,2.3040482000000004,FR
389,The Valley,8801,18.217,-63.0578,80.45600000000003,overcast clouds,79,100,16.3520314,AI
390,Estelle,5052,29.8458,-90.1067,81.32000000000006,few clouds,80,20,8.052984,US
391,Hajdusamson,6665,47.6,21.7667,60.47600000000009,broken clouds,88,58,8.052984,HU
392,Pakxe,9197,15.1167,105.7833,80.74400000000009,overcast clouds,89,90,2.3040482000000004,LA
393,Nicoya,7210,10.1483,-85.452,71.15,light rain,98,100,4.3396636,CR
394,Havre,6533,49.5833,0.3333,65.26400000000004,overcast clouds,77,100,11.4978716,FR
395,San Jose,2004102,37.3394,-121.895,67.65800000000002,clear sky,60,1,1.9908766000000002,US
396,Thomastown,2012953,52.5267,-7.1372,59.306000000000026,overcast clouds,96,100,3.4672570000000005,IE
397,Malesina,2030671,38.6167,23.2333,66.95600000000003,few clouds,55,18,5.346286600000001,GR
398,Resistencia,8257,-27.4606,-58.9839,75.308,clear sky,81,0,10.3570322,AR
399,Murmashi,8927,68.8154,32.8115,39.61400000000003,broken clouds,93,75,4.47388,RU
400,Murgab,8990,37.4966,61.9714,60.674000000000014,clear sky,51,0,0.0,TM
401,Road Town,2007786,18.4167,-64.6167,83.15600000000003,overcast clouds,78,100,15.479624800000002,VG
402,Lowestoft,2018273,52.4752,1.7516,56.21000000000008,overcast clouds,93,100,11.408394,GB
403,Miri,9368,4.4148,114.0089,84.34400000000008,scattered clouds,84,40,11.4978716,MY
404,Onalaska,4764,43.8844,-91.2351,67.91000000000008,overcast clouds,89,90,6.9121446,US
405,Traverse City,6082,44.7631,-85.6206,60.314000000000036,clear sky,82,1,0.0,US
406,Havelock,2018017,34.8791,-76.9013,75.25400000000005,clear sky,92,0,6.7779282,US
407,Bellmead,3671,31.594,-97.1089,75.84800000000003,overcast clouds,71,90,12.661080400000001,US
408,Manado,9356,1.487,124.8455,92.174,few clouds,58,20,2.3040482000000004,ID
409,Belyy Yar,8942,53.6039,91.3903,49.891999999999996,clear sky,57,0,4.47388,RU
410,Peniche,2002825,39.3558,-9.3811,66.45200000000008,broken clouds,91,71,7.5384878,PT
411,Jesus Maria,8226,-30.9815,-64.0942,53.34800000000003,overcast clouds,60,86,23.979996800000002,AR
412,Yudong,9673,29.385,106.5194,88.39400000000008,broken clouds,66,81,3.0198690000000004,CN
413,Fairview,5141,40.8126,-73.999,68.46800000000009,few clouds,86,20,0.0,US
414,Kashkhatau,8967,43.3185,43.608,55.958000000000006,clear sky,73,4,5.927891,RU
415,Ixtapa,7156,20.7,-105.2,76.22600000000008,overcast clouds,100,90,0.0,MX
416,Hodmezovasarhely,2003057,46.4167,20.3333,61.17800000000007,broken clouds,41,53,1.4987498000000001,HU
417,Nagato,7987,34.3833,131.2,71.54600000000005,moderate rain,91,100,7.113469200000001,JP
418,Port Blair,9215,11.6667,92.75,84.23600000000008,mist,84,75,11.4978716,IN
419,Bailen,2012023,38.0964,-3.7779,69.15200000000007,light rain,78,100,6.487126,ES
420,Gravdal,1642,68.1214,13.5031,37.291999999999994,scattered clouds,100,40,1.1408394000000002,NO
421,Korsakov,8889,46.6328,142.7813,60.63800000000005,clear sky,48,10,2.7514362,RU
422,Guadix,2008325,37.2993,-3.1392,66.50600000000003,light rain,56,98,2.7961750000000003,ES
423,Haimen,9632,23.1935,116.6142,91.292,light rain,66,93,5.7265664,CN
424,Fremont,2036492,37.5483,-121.9886,66.34400000000008,clear sky,68,1,1.9908766000000002,US
425,Carballo,2011359,43.213,-8.691,64.68800000000005,broken clouds,91,66,2.9527608000000005,ES
426,Bridlicna,2010983,49.9117,17.3711,50.14400000000008,broken clouds,88,75,2.572481,CZ
427,Bollnas,2017638,61.3482,16.3946,38.12000000000006,overcast clouds,98,100,3.4001488,SE
428,Qiongshan,9635,20.0058,110.3542,87.78200000000001,light rain,74,40,8.94776,CN
429,Russell,60180,32.3502,-85.1999,72.91400000000004,mist,90,1,0.0,US
430,Puerto Madero,7171,14.7208,-92.4215,73.59800000000003,broken clouds,100,75,0.0,MX
431,Tottori,8030,35.5,134.2333,75.27200000000005,light rain,73,75,2.3040482000000004,JP
432,Keflavik,90,64.0049,-22.5624,46.43600000000007,broken clouds,81,75,23.0181126,IS
433,Gunjur,2367,13.2019,-16.7339,71.67200000000004,thunderstorm,100,75,0.0,GM
434,Columbus,2011192,39.9612,-82.9988,72.01400000000004,clear sky,82,1,5.7489358,US
435,Kingman,2004463,35.1894,-114.053,88.84400000000008,clear sky,19,0,6.845036400000001,US
436,Torrelavega,2016742,43.3494,-4.0479,68.70200000000008,light rain,98,100,3.8251674,ES
437,Puerto Palomas,3830,31.7667,-107.6167,79.934,clear sky,20,0,9.8872748,MX
438,Great Bend,2008008,38.3645,-98.7648,78.9260000000001,clear sky,43,1,5.010745600000001,US
439,Avola,6702,36.9113,15.1395,68.01800000000009,clear sky,64,0,3.8922756,IT
440,Saint Pete Beach,5900,27.7253,-82.7412,76.55000000000001,broken clouds,95,75,11.4978716,US
441,Huilong,2012308,31.8111,121.655,74.984,overcast clouds,92,100,33.263297800000004,CN
442,Hettstedt,2011115,51.65,11.5,53.438000000000045,broken clouds,88,76,2.7961750000000003,DE
443,Anadyr,8872,64.75,177.4833,41.504000000000055,broken clouds,60,75,13.42164,RU
444,Chimoio,2199,-19.1164,33.4833,64.25600000000003,broken clouds,100,75,2.125093,MZ
445,Little Current,171,45.9793,-81.9248,57.254000000000055,scattered clouds,68,30,5.077853800000001,CA
446,Goure,2021605,13.9835,10.2704,75.02000000000007,overcast clouds,68,100,3.5119958000000002,NE
447,Biasca,6942,46.3597,8.9697,60.09800000000003,overcast clouds,84,85,2.3935258000000004,CH
448,Vandalur,9218,12.8928,80.0808,87.584,few clouds,62,20,13.8019198,IN
449,Hue,9310,16.4667,107.6,86.108,scattered clouds,74,40,4.608096400000001,VN
450,Chodavaram,9255,17.8333,82.95,84.03800000000004,moderate rain,83,100,7.449010200000001,IN
451,Meadow Lake,2002722,34.8014,-106.5436,78.63800000000005,clear sky,31,7,9.842536,US
452,Kirkwood,2007650,38.5834,-90.4068,77.95400000000006,clear sky,77,7,2.9974996000000003,US
453,Arroyo,203198,41.6096,-4.7969,59.63000000000004,broken clouds,93,75,8.052984,ES
454,Rockland,2020322,41.1668,-74.0496,66.05600000000004,broken clouds,86,82,1.006623,US
455,Shadegan,7447,30.6497,48.6647,73.34600000000006,clear sky,24,0,10.021491200000002,IR
456,Terme,7017,41.2092,36.9739,64.32800000000006,overcast clouds,82,100,6.7331894,TR
457,Nakusp,399,50.2499,-117.8023,52.141999999999996,scattered clouds,76,50,3.4448876000000004,CA
458,Murree,2007435,33.9073,73.393,64.23800000000006,clear sky,64,0,4.1830778,PK
459,Praia,2462,14.9215,-23.5087,77.54000000000002,scattered clouds,88,40,5.7489358,CV
460,Creemore,188,44.327,-80.1075,53.54600000000005,clear sky,94,1,2.3040482000000004,CA
461,Aracruz,8474,-19.8203,-40.2733,74.40800000000002,clear sky,92,2,3.914645,BR
462,Belem,8321,-1.4558,-48.5044,77.03600000000007,clear sky,88,0,2.3040482000000004,BR
463,Pacific Grove,2009350,36.6177,-121.9166,58.38800000000005,clear sky,87,1,2.9974996000000003,US
464,Bastia,2018293,42.6667,9.3333,66.57800000000006,clear sky,85,0,4.608096400000001,FR
465,Artesia,2010205,33.8658,-118.0831,69.89000000000001,clear sky,72,1,1.9908766000000002,US
466,Urumqi,9677,43.801,87.6005,65.35400000000006,clear sky,37,0,6.71082,CN
467,Rajpipla,9060,21.8667,73.5,80.52800000000008,overcast clouds,93,96,7.672704200000001,IN
468,Skelleftea,2009719,64.7507,20.9528,39.992,scattered clouds,59,40,1.006623,SE
469,Palmer,2010865,42.1584,-72.3287,59.288000000000046,broken clouds,90,75,3.4448876000000004,US
470,Nelson,2000215,-41.2833,173.2833,58.26200000000006,overcast clouds,66,90,2.9974996000000003,NZ
471,Penzance,2009101,50.1186,-5.5371,56.80400000000006,overcast clouds,90,99,8.4556332,GB
472,La Asuncion,8732,11.0333,-63.8628,82.13000000000005,clear sky,78,7,9.216192800000002,VE
473,Abha,7396,18.2164,42.5053,61.05200000000008,clear sky,59,0,0.0,SA
474,Le Mars,4754,42.7942,-96.1656,66.21800000000009,scattered clouds,94,40,0.0,US
475,Wadena,3225,46.4425,-95.1361,56.48000000000005,moderate rain,100,90,4.608096400000001,US
476,Izumo,8026,35.3667,132.7667,75.092,broken clouds,78,75,2.3040482000000004,JP
477,Port Augusta,2012077,-32.5,137.7667,66.70400000000006,few clouds,29,18,3.6014734000000006,AU
478,Ames,2041488,42.0347,-93.6199,75.25400000000005,clear sky,76,1,1.9908766000000002,US
479,Wilmington,4521,34.2257,-77.9447,72.5,clear sky,87,1,0.0,US
480,Clinton,2022614,42.587,-82.9199,63.806000000000026,overcast clouds,92,90,9.216192800000002,US
481,Erzincan,6991,39.75,39.5,49.29800000000003,clear sky,76,0,1.1408394000000002,TR
482,Saint-Denis,2041230,48.9167,2.3333,64.13000000000005,broken clouds,83,75,1.006623,FR
483,Bereda,2013071,43.2686,-7.5406,60.116000000000014,broken clouds,100,55,1.565858,ES
484,Ishinomaki,8043,38.4167,141.3,71.6,overcast clouds,71,100,6.71082,JP
485,Vigrestad,2004016,58.5667,5.7,46.346000000000046,few clouds,80,17,9.730689,NO
486,Pakala,9219,13.4667,79.1167,81.01400000000004,overcast clouds,64,99,10.692573200000002,IN
487,Isla Mujeres,7177,21.2311,-86.731,82.45400000000006,overcast clouds,83,100,8.6345884,MX
488,Liverpool,2008599,53.4106,-2.9779,57.21800000000009,overcast clouds,85,100,1.006623,GB
489,Las Colinas,7196,8.55,-80.0833,70.86200000000005,overcast clouds,89,100,1.677705,PA
490,Kralendijk,8794,12.15,-68.2667,82.38200000000002,few clouds,83,20,9.216192800000002,BQ
491,Tambacounda,2437,13.7539,-13.7586,78.85400000000006,clear sky,89,0,6.9121446,SN
492,Taos,2006121,36.4072,-105.5731,64.184,scattered clouds,33,40,1.006623,US
493,Elko,2008952,41.0002,-115.5012,67.78399999999999,clear sky,22,0,8.008245200000001,US
494,Ipixuna,8321,-1.7625,-48.8043,76.94600000000005,overcast clouds,84,91,5.1897008,BR
495,Akureyri,83,65.6835,-18.0878,46.32800000000007,overcast clouds,71,90,6.9121446,IS
496,Coos Bay,5239,43.3665,-124.2179,57.63200000000002,clear sky,82,1,13.8019198,US
497,Yeppoon,9499,-23.1333,150.7333,78.584,clear sky,26,0,9.193823400000001,AU
498,Teruel,6456,40.6667,-0.6667,59.19800000000002,overcast clouds,65,100,5.391025400000001,ES
499,East Millcreek,2006600,40.7,-111.8105,67.85600000000002,few clouds,43,20,11.989998400000001,US
500,Taraz,8822,42.9,71.3667,64.81400000000004,clear sky,29,0,6.71082,KZ
501,Lakeland,2001631,28.0395,-81.9498,74.984,broken clouds,91,75,2.9974996000000003,US
502,Douglas,2008848,41.3,-96.167,73.99400000000009,clear sky,79,1,0.0,US
503,Yuzhnyy,8945,53.2542,83.6936,48.57800000000007,clear sky,61,0,13.42164,RU
504,Corinto,2002027,37.9407,22.9573,74.642,clear sky,56,5,6.9121446,GR
505,Williston,2009760,48.147,-103.618,60.8,scattered clouds,50,43,1.006623,US
506,Port Hedland,9585,-20.3167,118.5667,80.65400000000005,clear sky,50,3,9.216192800000002,AU
507,Erzin,7008,36.9559,36.2,74.12000000000006,clear sky,77,0,2.4382646000000006,TR
508,Fallon,5071,39.4735,-118.7774,73.058,clear sky,19,1,6.9121446,US
509,Saint-Pierre,2127,-21.3393,55.4781,67.49600000000005,clear sky,67,0,4.608096400000001,RE
510,Morag,2007860,53.9171,19.926,53.65400000000005,overcast clouds,94,100,3.6685816,PL
511,Nam Phong,9288,16.7023,102.8557,77.32400000000001,overcast clouds,95,100,4.1830778,TH
512,Prilep,7023,41.3464,21.5544,50.46800000000009,clear sky,49,1,2.0356154,MK
513,Watsonville,6269,36.9102,-121.7569,60.96200000000006,few clouds,84,20,5.7489358,US
514,Kattivakkam,9218,13.2167,80.3167,87.89000000000001,overcast clouds,62,100,17.2020686,IN
515,Collie,2003721,-33.3667,116.15,61.98800000000004,clear sky,41,4,5.569980600000001,AU
516,Hammerfest,1632,70.6634,23.6821,41.45,broken clouds,81,75,9.216192800000002,NO
517,Lovington,2037904,32.944,-103.3485,71.76200000000006,clear sky,45,0,10.603095600000001,US
518,Valenza,2009511,45.0141,8.6414,65.22800000000007,broken clouds,88,76,3.9593838000000003,IT
519,Blythe,3460,33.6103,-114.5964,102.65,clear sky,11,1,10.3570322,US
520,Pulsano,2001835,40.3821,17.3564,71.07800000000006,scattered clouds,71,34,6.487126,IT
521,Dubai,7537,25.2582,55.3047,86.66600000000001,clear sky,79,8,4.608096400000001,AE
522,Cape Canaveral,6286,28.4058,-80.6048,78.36800000000008,clear sky,89,1,0.0,US
523,Bridlington,2005670,54.0831,-0.1919,52.97000000000006,overcast clouds,84,94,8.7911742,GB
524,San Andres,8623,12.5847,-81.7006,77.01800000000009,broken clouds,94,75,2.3040482000000004,CO
525,Carmelo,8232,-33.9892,-58.2856,57.110000000000085,overcast clouds,79,100,19.148206400000003,UY
526,Castanos,2032764,26.7833,-101.4167,80.9600000000001,broken clouds,63,60,5.6594581999999996,MX
527,Reggello,2017244,43.6801,11.5293,61.57400000000001,broken clouds,82,76,0.559235,IT
528,Fasa,7493,28.9383,53.6482,61.84400000000008,clear sky,20,0,4.608096400000001,IR
529,Lewiston,4695,44.1003,-70.2148,55.274000000000015,clear sky,86,1,3.4448876000000004,US
530,Mount Pleasant,2035120,32.7941,-79.8626,74.93000000000004,clear sky,92,1,1.9908766000000002,US
531,Birjand,7481,32.8663,59.2211,59.46800000000009,clear sky,8,0,9.216192800000002,IR
532,Jenison,2004605,42.9072,-85.792,64.65200000000007,overcast clouds,95,93,1.9908766000000002,US
533,Teahupoo,7318,-17.8333,-149.2667,76.96400000000003,broken clouds,77,68,16.6875724,PF
534,Dorolt,6922,47.85,22.8167,57.21800000000009,broken clouds,94,75,0.0,RO
535,Abbeyleix,2001882,52.8992,-7.3575,57.524000000000015,overcast clouds,95,100,2.9974996000000003,IE
536,Lasa,6813,46.6166,10.7002,57.07400000000001,broken clouds,88,70,1.6329662,IT
537,Buloh Kasap,9437,2.5536,102.764,82.31000000000009,overcast clouds,82,100,2.1474624,MY
538,Key West,4033,24.5557,-81.7826,82.90400000000005,clear sky,79,1,4.608096400000001,US
539,Tallahassee,2006015,30.4383,-84.2807,75.2,scattered clouds,91,40,0.0,US
540,San Severino Marche,2011369,43.2281,13.1802,65.13800000000005,clear sky,54,7,5.592350000000001,IT
541,Krasnaya Yaruga,9030,50.8008,35.6583,57.30800000000001,broken clouds,93,73,5.8831522000000005,RU
542,Dzerzhinsk,9037,56.2389,43.4631,57.02000000000007,few clouds,94,20,8.94776,RU
543,Robertson,4828,36.5167,-86.8667,72.86000000000008,clear sky,91,1,4.608096400000001,US
544,Padilla,8590,3.2204,-76.3139,71.16800000000009,clear sky,85,0,4.115969600000001,CO
545,Springdale,2005432,36.1867,-94.1288,75.16400000000004,clear sky,77,1,6.9121446,US
546,Fortuna Foothills,2034292,32.6578,-114.4119,99.734,clear sky,27,1,2.9974996000000003,US
547,Monopoli,6691,40.9559,17.2896,65.91200000000006,broken clouds,73,53,7.8963982,IT
548,Provost,616,52.3501,-110.2683,52.25,scattered clouds,43,48,5.122592600000001,CA
549,Talcahuano,8499,-36.7167,-73.1167,44.27600000000009,clear sky,93,0,4.608096400000001,CL
550,Snezhnogorsk,8927,69.1933,33.2531,38.983999999999995,overcast clouds,76,100,16.553356,RU
551,Joensuu,2009744,62.6012,29.7632,43.28600000000007,light rain,82,90,21.8549038,FI
552,Behbahan,7440,30.5959,50.2417,71.56400000000004,clear sky,19,0,2.8632832,IR
553,Hangal,9222,14.7667,75.1333,76.19000000000003,overcast clouds,90,100,12.3926476,IN
554,Porirua,2007859,-41.1333,174.85,50.73800000000004,broken clouds,72,76,7.0016222,NZ
555,Grabouw,2003650,-34.1515,19.0151,45.28399999999999,overcast clouds,89,85,4.854159800000001,ZA
556,Tiarei,7318,-17.5333,-149.3333,82.41800000000009,scattered clouds,76,25,16.5086172,PF
557,Tecpan,2035509,14.7623,-90.9947,52.538000000000046,few clouds,93,21,1.7448132000000003,GT
558,Lakselv,1646,70.0513,24.9718,40.820000000000064,overcast clouds,87,90,12.661080400000001,NO
559,Lindon,2025128,40.3433,-111.7208,69.72800000000007,clear sky,37,1,1.006623,US
560,Mercedes,2041226,-34.6515,-59.4307,54.158,scattered clouds,71,41,11.9005208,AR
561,Dinar,7012,38.065,30.1656,62.564000000000036,light rain,75,90,4.0712308,TR
562,Ramhormoz,7440,31.28,49.6035,73.47200000000004,clear sky,19,0,3.5567346000000004,IR
563,Riyadh,7424,24.6877,46.7219,77.14400000000008,clear sky,22,1,1.8790296,SA
564,Salisbury,1385,51.0693,-1.7957,58.766000000000005,overcast clouds,90,90,9.216192800000002,GB
565,Abashiri,7975,44.0213,144.2697,59.288000000000046,broken clouds,72,75,10.3570322,JP
566,Fukue,7986,32.6881,128.8419,77.36000000000008,shower rain,100,75,11.4978716,JP
567,Santa Rosa,2037715,14.3122,121.1114,89.33000000000004,broken clouds,68,76,3.9817532000000004,PH
